<?xml version="1.0"?>
<!DOCTYPE database SYSTEM "./schema/database.dtd">
<!-- Generado desde Access a XML i+d toki -->
<database name="avebie-db" defaultIdMethod="native">

<table name="provincias" idMethod="native">
	<column autoIncrement="true" default="-1" name="idprovincia" primaryKey="true" required="true" type="INTEGER" javaName="idprovincia" />
	<column name="nombre" required="false"  type="VARCHAR" size="50" default=""/>
	<id-method-parameter name="seqName" value="provincias_idprovincia_seq" />	
</table>

<table name="localidades" idMethod="native">
	<column autoIncrement="true" default="-1" name="idlocalidad" primaryKey="true" required="true" type="INTEGER" javaName="idlocalidad" />
	<column name="idprovincia" required="false"  type="INTEGER" default="0"/>
	<column name="nombre" required="false"  type="VARCHAR" size="50" default=""/>
	<foreign-key foreignTable="provincias">
		<reference foreign="idprovincia" local="idprovincia"/>
	</foreign-key>
	<id-method-parameter name="seqName" value="localidades_idlocalidad_seq" />	
</table>

<table name="capitulos" idMethod="native">
	<column autoIncrement="true" default="-1" name="idcapitulo" primaryKey="true" required="true" type="INTEGER" javaName="idcapitulo" />
	<column name="nombre" required="false"  type="VARCHAR" size="150" default=""/>
	<id-method-parameter name="seqName" value="capitulos_idcapitulo_seq" />	
</table>

<table name="subcapitulos" idMethod="native">
	<column autoIncrement="true" default="-1" name="idsubcapitulo" primaryKey="true" required="true" type="INTEGER" javaName="idsubcapitulo" />
	<column name="referencia" required="false"  type="VARCHAR" size="50" default=""/>
	<column name="nombre" required="false"  type="VARCHAR" size="150" default=""/>	
	<column name="idcapitulo" required="false"  type="INTEGER" default="0"/>	
	<foreign-key foreignTable="capitulos">
		<reference foreign="idcapitulo" local="idcapitulo"/>
	</foreign-key>
	<id-method-parameter name="seqName" value="subcapitulos_idsubcapitulo_seq" />	
</table>

<table name="categorias" idMethod="native">
	<column autoIncrement="true" default="-1" name="idcategoria" primaryKey="true" required="true" type="INTEGER" javaName="idcategoria" />
	<column name="descripcion" required="false"  type="VARCHAR" size="510" default=""/>
	<id-method-parameter name="seqName" value="categorias_idcategoria_seq" />	
</table>

<table name="tipoincidencias" idMethod="native">
	<column autoIncrement="true" default="-1" name="idtipoincidencia" primaryKey="true" required="true" type="INTEGER" javaName="idtipoincidencia" />
	<column name="referencia" required="false"  type="VARCHAR" size="50" default=""/>
	<column name="descripcion" required="false"  type="VARCHAR" size="150" default=""/>
	<id-method-parameter name="seqName" value="tipoincidencias_idtipoincidencia_seq" />	
</table>

<table name="tipomaquinarias" idMethod="native">
	<column autoIncrement="true" default="-1" name="idtipomaquinaria" primaryKey="true" required="true" type="INTEGER" javaName="idtipomaquinaria" />
	<column name="referencia" required="false"  type="VARCHAR" size="50" default=""/>	
	<column name="nombre" required="false"  type="VARCHAR" size="50" default=""/>
	<id-method-parameter name="seqName" value="tipomaquinarias_idtipomaquinaria_seq" />	
</table>

<table name="tipocombustibles" idMethod="native">
	<column autoIncrement="true" default="-1" name="idtipocombustible" primaryKey="true" required="true" type="INTEGER" javaName="idtipocombustible" />
	<column name="referencia" required="false"  type="VARCHAR" size="50" default=""/>	
	<column name="descripcion" required="false"  type="VARCHAR" size="150" default=""/>
	<column name="coste" required="false"  type="FLOAT" default="0"/>
	<column name="fecha" required="false"  type="VARCHAR" size="8" default=""/>	
	<id-method-parameter name="seqName" value="tipocombustibles_idtipocombustible_seq" />	
</table>

<table name="tipoportes" idMethod="native">
	<column autoIncrement="true" default="-1" name="idtipoporte" primaryKey="true" required="true" type="INTEGER" javaName="idtipoporte" />
	<column name="referencia" required="false"  type="VARCHAR" size="50" default=""/>	
	<column name="idlocalidad" required="false"  type="INTEGER" default="0"/>
	<column name="descripcion" required="false"  type="VARCHAR" size="150" default=""/>
	<column name="coste" required="false"  type="FLOAT" default="0"/>
	<column name="fecha" required="false"  type="VARCHAR" size="8" default=""/>
	<foreign-key foreignTable="localidades">
		<reference foreign="idlocalidad" local="idlocalidad"/>
	</foreign-key>		
	<id-method-parameter name="seqName" value="tipoportes_idtipoporte_seq" />	
</table>

<table name="clientes" idMethod="native">
	<column autoIncrement="true" default="-1" name="idcliente" primaryKey="true" required="true" type="INTEGER" javaName="idcliente" />
	<column name="referencia" required="false"  type="VARCHAR" size="50" default=""/>	
	<column name="cif" required="false"  type="VARCHAR" size="10" default=""/>
	<column name="nombre" required="false"  type="VARCHAR" size="50" default=""/>
	<column name="razonsocial" required="false"  type="VARCHAR" size="50" default=""/>
	<column name="contacto" required="false"  type="VARCHAR" size="50" default=""/>	
	<column name="telefono" required="false"  type="VARCHAR" size="9" default=""/>	
	<column name="fechaalta" required="false"  type="VARCHAR" size="8" default=""/>
	<column name="fechabaja" required="false"  type="VARCHAR" size="8" default=""/>
	<column name="idlocalidad" required="false"  type="INTEGER" default="0"/>
	<column name="direccion" required="false"  type="VARCHAR" size="50" default=""/>
	<column name="cp" required="false"  type="VARCHAR" size="5" default=""/>
	<column name="fax" required="false"  type="VARCHAR" size="9" default=""/>
	<column name="movil" required="false"  type="VARCHAR" size="9" default=""/>
	<column name="email" required="false"  type="VARCHAR" size="50" default=""/>
	<column name="www" required="false"  type="VARCHAR" size="50" default=""/>
	<column name="observaciones" required="false"  type="VARCHAR" size="500" default=""/>
	<foreign-key foreignTable="localidades">
		<reference foreign="idlocalidad" local="idlocalidad"/>
	</foreign-key>
	<id-method-parameter name="seqName" value="clientes_idcliente_seq" />	
</table>

<table name="obras" idMethod="native">
	<column autoIncrement="true" default="-1" name="idobra" primaryKey="true" required="true" type="INTEGER" javaName="idobra" />
	<column name="referencia" required="false"  type="VARCHAR" size="50" default=""/>
	<column name="nombre" required="false"  type="VARCHAR" size="50" default=""/>	
	<column name="numerocontrato" required="false"  type="VARCHAR" size="10" default=""/>
	<column name="idcliente" required="false"  type="INTEGER" default="0"/>
	<column name="idlocalidad" required="false"  type="INTEGER" default="0"/>
	<column name="fechaalta" required="false"  type="VARCHAR" size="8" default=""/>	
	<column name="fechacomienzo" required="false"  type="VARCHAR" size="8" default=""/>	
	<column name="fechafin" required="false"  type="VARCHAR" size="8" default=""/>	
	<column name="calle" required="false"  type="VARCHAR" size="50" default=""/>
	<column name="cp" required="false"  type="VARCHAR" size="50" default=""/>
	<column name="jornadas" required="false"  type="INTEGER" default="0"/>
	<column name="observaciones" required="false"  type="VARCHAR" size="500" default=""/>
	<column name="importe" required="false"  type="FLOAT" default="0"/>	
	<column name="importecalc" required="false"  type="FLOAT" default="0"/>			
	<foreign-key foreignTable="clientes">
		<reference foreign="idcliente" local="idcliente"/>
	</foreign-key>
	<foreign-key foreignTable="localidades">
		<reference foreign="idlocalidad" local="idlocalidad"/>
	</foreign-key>
	<id-method-parameter name="seqName" value="obras_idobra_seq" />	
</table>

<table name="albaranes" idMethod="native">
	<column autoIncrement="true" default="-1" name="idalbaran" primaryKey="true" required="true" type="INTEGER" javaName="idalbaran" />
	<column name="referencia" required="false"  type="VARCHAR" size="50" default=""/>	
	<column name="idobra" required="false"  type="INTEGER" default="0"/>
	<column name="fechacomienzo" required="false"  type="VARCHAR" size="8" default=""/>
	<column name="fechafin" required="false"  type="VARCHAR" size="8" default=""/>
	<foreign-key foreignTable="obras">
		<reference foreign="idobra" local="idobra"/>
	</foreign-key>
	<id-method-parameter name="seqName" value="albaranes_idalbaran_seq" />	
</table>

<table name="lineasalbaran" idMethod="native">
	<column autoIncrement="true" default="-1" name="idlineaalbaran" primaryKey="true" required="true" type="INTEGER" javaName="idlineaalbaran" />
	<column name="referencia" required="false"  type="VARCHAR" size="50" default=""/>	
	<column name="idalbaran" required="false"  type="INTEGER" default="0"/>
	<column name="descripcion" required="false"  type="VARCHAR" size="50" default=""/>
	<column name="importe" required="false"  type="FLOAT" default="0"/>
	<column name="elementoid" required="false"  type="INTEGER" default="0"/>
	<column name="elementotipo" required="false"  type="VARCHAR" size="50" default=""/>			
	<foreign-key foreignTable="albaranes" onDelete="cascade" onUpdate="cascade">
		<reference foreign="idalbaran" local="idalbaran"/>
	</foreign-key>
	<id-method-parameter name="seqName" value="lineasalbaran_idlineaalbaran_seq" />	
</table>

<table name="uejecuciones" idMethod="native">
	<column autoIncrement="true" default="-1" name="iduejecucion" primaryKey="true" required="true" type="INTEGER" javaName="iduejecucion" />
	<column name="referencia" required="false"  type="VARCHAR" size="50" default=""/>	
	<column name="idobra" required="false"  type="INTEGER" default="0"/>
	<column name="idsubcapitulo" required="false"  type="INTEGER" default="0"/>
	<column name="fechacomienzo" required="false"  type="VARCHAR" size="8" default=""/>
	<column name="fechafin" required="false"  type="VARCHAR" size="8" default=""/>
	<column name="importe" required="false"  type="FLOAT" default="0"/>	
	<column name="horasestimadas" required="false"  type="FLOAT" default="0"/>
	<column name="descripcion" required="false"  type="VARCHAR" size="500" default=""/>
	<column name="observaciones" required="false"  type="VARCHAR" size="500" default=""/>
	<column name="importecalc" required="false"  type="FLOAT" default="0"/>	
	<foreign-key foreignTable="obras">
		<reference foreign="idobra" local="idobra"/>
	</foreign-key>
	<foreign-key foreignTable="subcapitulos">
		<reference foreign="idsubcapitulo" local="idsubcapitulo"/>
	</foreign-key>
	<id-method-parameter name="seqName" value="uejecuciones_iduejecucion_seq" />	
</table>

<table name="operarios" idMethod="native">
	<column autoIncrement="true" default="-1" name="idoperario" primaryKey="true" required="true" type="INTEGER" javaName="idoperario" />
	<column name="referencia" required="false"  type="VARCHAR" size="50" default=""/>
	<column name="nombre" required="false"  type="VARCHAR" size="50" default=""/>
	<column name="apellidouno" required="false"  type="VARCHAR" size="50" default=""/>
	<column name="numeross" required="false"  type="VARCHAR" size="20" default=""/>	
	<column name="telefono" required="false"  type="VARCHAR" size="9" default=""/>
	<column name="movil" required="false"  type="VARCHAR" size="9" default=""/>
	<column name="externo" required="false"  type="INTEGER" default="0"/>				
	<column name="idcategoria" required="false"  type="INTEGER" default="0"/>
	<column name="nif" required="false"  type="VARCHAR" size="10" default=""/>
	<column name="apellidodos" required="false"  type="VARCHAR" size="50" default=""/>
	<column name="fechaalta" required="false"  type="VARCHAR" size="8" default=""/>
	<column name="fechabaja" required="false"  type="VARCHAR" size="8" default=""/>
	<column name="direccion" required="false"  type="VARCHAR" size="50" default=""/>
	<column name="cp" required="false"  type="VARCHAR" size="5" default=""/>
	<column name="idlocalidad" required="false"  type="INTEGER" default="0"/>
	<column name="email" required="false"  type="VARCHAR" size="25" default=""/>
	<column name="coste" required="false"  type="FLOAT" default="0"/>
	<column name="observaciones" required="false"  type="VARCHAR" size="500" default=""/>
	<foreign-key foreignTable="categorias">
		<reference foreign="idcategoria" local="idcategoria"/>
	</foreign-key>
	<foreign-key foreignTable="localidades">
		<reference foreign="idlocalidad" local="idlocalidad"/>
	</foreign-key>
	<id-method-parameter name="seqName" value="operarios_idoperario_seq" />	
</table>

<table name="maquinarias" idMethod="native">
	<column autoIncrement="true" default="-1" name="idmaquinaria" primaryKey="true" required="true" type="INTEGER" javaName="idmaquinaria" />
	<column name="referencia" required="false"  type="VARCHAR" size="50" default=""/>
	<column name="bastidor" required="false"  type="VARCHAR" size="50" default=""/>	
	<column name="nombre" required="false"  type="VARCHAR" size="50" default=""/>	
	<column name="modelo" required="false"  type="VARCHAR" size="50" default=""/>
	<column name="tipo" required="false"  type="VARCHAR" size="50" default=""/>
	<column name="alquilado" required="false"  type="INTEGER" default="0"/>				
	<column name="subcontratado" required="false"  type="INTEGER" default="0"/>	
	<column name="idtipomaquinaria" required="false"  type="INTEGER" default="0"/>	
	<column name="matricula" required="false"  type="VARCHAR" size="10" default=""/>
	<column name="fechaalta" required="false"  type="VARCHAR" size="8" default=""/>
	<column name="fechabaja" required="false"  type="VARCHAR" size="8" default=""/>
	<column name="responsable" required="false"  type="VARCHAR" size="50" default=""/>
	<column name="costecon" required="false"  type="FLOAT" default="0"/>
	<column name="costesin" required="false"  type="FLOAT" default="0"/>	
	<column name="marca" required="false"  type="VARCHAR" size="50" default=""/>
	<column name="observaciones" required="false"  type="VARCHAR" size="500" default=""/>
	<foreign-key foreignTable="tipomaquinarias">
		<reference foreign="idtipomaquinaria" local="idtipomaquinaria"/>
	</foreign-key>	
	<id-method-parameter name="seqName" value="maquinarias_idmaquinaria_seq" />	
</table>

<table name="parteso" idMethod="native">
	<column autoIncrement="true" default="-1" name="idparteo" primaryKey="true" required="true" type="INTEGER" javaName="idparteo" />
	<column name="referencia" required="false"  type="VARCHAR" size="50" default=""/>	
	<column name="iduejecucion" required="false"  type="INTEGER" default="0"/>
	<column name="idoperario" required="false"  type="INTEGER" default="0"/>
	<column name="fecha" required="false"  type="VARCHAR" size="8" default=""/>	
	<column name="horas" required="false"  type="FLOAT" default="0"/>
	<column name="porcentajedto" required="false"  type="INTEGER" default="0"/>			
	<column name="dto" required="false"  type="FLOAT" default="0"/>	
	<column name="importe" required="false"  type="FLOAT" default="0"/>	
	<column name="descripcion" required="false"  type="VARCHAR" size="500" default=""/>
	<column name="observaciones" required="false"  type="VARCHAR" size="500" default=""/>
	<column name="importesindto" required="false"  type="FLOAT" default="0"/>
	<column name="importecondto" required="false"  type="FLOAT" default="0"/>
	<column name="idalbaran" required="false"  type="INTEGER" default="0"/>	
	<foreign-key foreignTable="operarios">
		<reference foreign="idoperario" local="idoperario"/>
	</foreign-key>
	<foreign-key foreignTable="uejecuciones">
		<reference foreign="iduejecucion" local="iduejecucion"/>
	</foreign-key>
	<id-method-parameter name="seqName" value="parteso_idparteo_seq" />	
</table>

<table name="partesm" idMethod="native">
	<column autoIncrement="true" default="-1" name="idpartem" primaryKey="true" required="true" type="INTEGER" javaName="idpartem" />
	<column name="referencia" required="false"  type="VARCHAR" size="50" default=""/>	
	<column name="iduejecucion" required="false"  type="INTEGER" default="0"/>
	<column name="idmaquinaria" required="false"  type="INTEGER" default="0"/>
	<column name="fecha" required="false"  type="VARCHAR" size="8" default=""/>	
	<column name="horas" required="false"  type="FLOAT" default="0"/>
	<column name="idtipoporteida" required="false"  type="INTEGER" default="0"/>
	<column name="idtipoportevuelta" required="false"  type="INTEGER" default="0"/>		
	<column name="conoperario" required="false"  type="INTEGER" default="0"/>
	<column name="porcentajedto" required="false"  type="INTEGER" default="0"/>		
	<column name="dto" required="false"  type="FLOAT" default="0"/>		
	<column name="importe" required="false"  type="FLOAT" default="0"/>	
	<column name="descripcion" required="false"  type="VARCHAR" size="500" default=""/>
	<column name="observaciones" required="false"  type="VARCHAR" size="500" default=""/>
	<column name="importeporte" required="false"  type="FLOAT" default="0"/>
	<column name="importesindto" required="false"  type="FLOAT" default="0"/>
	<column name="importecondto" required="false"  type="FLOAT" default="0"/>
	<column name="idalbaran" required="false"  type="INTEGER" default="0"/>	
	<foreign-key foreignTable="maquinarias">
		<reference foreign="idmaquinaria" local="idmaquinaria"/>
	</foreign-key>
	<foreign-key foreignTable="uejecuciones">
		<reference foreign="iduejecucion" local="iduejecucion"/>
	</foreign-key>
	<foreign-key foreignTable="tipoportes">
		<reference foreign="idtipoporte" local="idtipoporteida"/>
	</foreign-key>	
	<foreign-key foreignTable="tipoportes">
		<reference foreign="idtipoporte" local="idtipoportevuelta"/>
	</foreign-key>		
	<id-method-parameter name="seqName" value="partesm_idpartem_seq" />	
</table>

<table name="incidenciaso" idMethod="native">
	<column autoIncrement="true" default="-1" name="idincidenciao" primaryKey="true" required="true" type="INTEGER" javaName="idincidenciao" />
	<column name="referencia" required="false"  type="VARCHAR" size="50" default=""/>	
	<column name="iduejecucion" required="false"  type="INTEGER" default="0"/>
	<column name="idoperario" required="false"  type="INTEGER" default="0"/>
	<column name="idtipoincidencia" required="false"  type="INTEGER" default="0"/>
	<column name="fecha" required="false"  type="VARCHAR" size="8" default=""/>
	<column name="horas" required="false"  type="FLOAT" default="0"/>	
	<column name="porcentajedto" required="false"  type="INTEGER" default="0"/>	
	<column name="dto" required="false"  type="FLOAT" default="0"/>	
	<column name="importe" required="false"  type="FLOAT" default="0"/>	
	<column name="descripcion" required="false"  type="VARCHAR" size="500" default=""/>
	<column name="observaciones" required="false"  type="VARCHAR" size="500" default=""/>
	<column name="importesindto" required="false"  type="FLOAT" default="0"/>
	<column name="importecondto" required="false"  type="FLOAT" default="0"/>
	<column name="idalbaran" required="false"  type="INTEGER" default="0"/>	
	<foreign-key foreignTable="operarios">
		<reference foreign="idoperario" local="idoperario"/>
	</foreign-key>
	<foreign-key foreignTable="tipoincidencias">
		<reference foreign="idtipoincidencia" local="idtipoincidencia"/>
	</foreign-key>
	<foreign-key foreignTable="uejecuciones">
		<reference foreign="iduejecucion" local="iduejecucion"/>
	</foreign-key>
	<id-method-parameter name="seqName" value="incidenciaso_idincidenciao_seq" />	
</table>

<table name="incidenciasm" idMethod="native">
	<column autoIncrement="true" default="-1" name="idincidenciam" primaryKey="true" required="true" type="INTEGER" javaName="idincidenciam" />
	<column name="referencia" required="false"  type="VARCHAR" size="50" default=""/>	
	<column name="iduejecucion" required="false"  type="INTEGER" default="0"/>
	<column name="idmaquinaria" required="false"  type="INTEGER" default="0"/>
	<column name="idtipoincidencia" required="false"  type="INTEGER" default="0"/>
	<column name="fecha" required="false"  type="VARCHAR" size="8" default=""/>
	<column name="horas" required="false"  type="FLOAT" default="0"/>
	<column name="conoperario" required="false"  type="INTEGER" default="0"/>
	<column name="porcentajedto" required="false"  type="INTEGER" default="0"/>	
	<column name="dto" required="false"  type="FLOAT" default="0"/>	
	<column name="importe" required="false"  type="FLOAT" default="0"/>
	<column name="kilometros" required="false"  type="FLOAT" default="0"/>
	<column name="tonelaje" required="false"  type="FLOAT" default="0"/>	
	<column name="descripcion" required="false"  type="VARCHAR" size="500" default=""/>
	<column name="observaciones" required="false"  type="VARCHAR" size="500" default=""/>
	<column name="importesindto" required="false"  type="FLOAT" default="0"/>
	<column name="importecondto" required="false"  type="FLOAT" default="0"/>
	<column name="idalbaran" required="false"  type="INTEGER" default="0"/>	
	<foreign-key foreignTable="maquinarias">
		<reference foreign="idmaquinaria" local="idmaquinaria"/>
	</foreign-key>
	<foreign-key foreignTable="tipoincidencias">
		<reference foreign="idtipoincidencia" local="idtipoincidencia"/>
	</foreign-key>
	<foreign-key foreignTable="uejecuciones">
		<reference foreign="iduejecucion" local="iduejecucion"/>
	</foreign-key>
	<id-method-parameter name="seqName" value="incidenciasm_idincidenciam_seq" />	
</table>

<table name="alquileres" idMethod="native">
	<column autoIncrement="true" default="-1" name="idalquiler" primaryKey="true" required="true" type="INTEGER" javaName="idalquiler" />
	<column name="referencia" required="false"  type="VARCHAR" size="50" default=""/>	
	<column name="iduejecucion" required="false"  type="INTEGER" default="0"/>
	<column name="idmaquinaria" required="false"  type="INTEGER" default="0"/>
	<column name="idtipoporteida" required="false"  type="INTEGER" default="0"/>
	<column name="idtipoportevuelta" required="false"  type="INTEGER" default="0"/>	
	<column name="idtipocombustible" required="false"  type="INTEGER" default="0"/>	
	<column name="seguro" required="false"  type="INTEGER" default="0"/>
	<column name="conoperario" required="false"  type="INTEGER" default="0"/>		
	<column name="fechaentrada" required="false"  type="VARCHAR" size="8" default=""/>
	<column name="fechasalida" required="false"  type="VARCHAR" size="8" default=""/>
	<column name="difdias" required="false"  type="FLOAT" default="0"/>		
	<column name="horametroe" required="false"  type="FLOAT" default="0"/>
	<column name="horametros" required="false"  type="FLOAT" default="0"/>	
	<column name="testimado" required="false"  type="FLOAT" default="0"/>	
	<column name="paralizacion" required="false"  type="FLOAT" default="0"/>
	<column name="difcombustible" required="false"  type="FLOAT" default="0"/>					
	<column name="porcentajedto" required="false"  type="INTEGER" default="0"/>	
	<column name="dto" required="false"  type="FLOAT" default="0"/>		
	<column name="importe" required="false"  type="FLOAT" default="0"/>
	<column name="duracion" required="false"  type="FLOAT" default="0"/>	
	<column name="importecombustible" required="false"  type="FLOAT" default="0"/>	
	<column name="importeporte" required="false"  type="FLOAT" default="0"/>	
	<column name="importesindto" required="false"  type="FLOAT" default="0"/>
	<column name="importecondto" required="false"  type="FLOAT" default="0"/>
	<column name="idalbaran" required="false"  type="INTEGER" default="0"/>		
	<foreign-key foreignTable="maquinarias">
		<reference foreign="idmaquinaria" local="idmaquinaria"/>
	</foreign-key>
	<foreign-key foreignTable="uejecuciones">
		<reference foreign="iduejecucion" local="iduejecucion"/>
	</foreign-key>
	<foreign-key foreignTable="tipoportes">
		<reference foreign="idtipoporte" local="idtipoporteida"/>
	</foreign-key>	
	<foreign-key foreignTable="tipoportes">
		<reference foreign="idtipoporte" local="idtipoportevuelta"/>
	</foreign-key>		
	<foreign-key foreignTable="tipocombustibles">
		<reference foreign="idtipocombustible" local="idtipocombustible"/>
	</foreign-key>	
	<id-method-parameter name="seqName" value="alquileres_idalquiler_seq" />	
</table>

</database>

